n_operators,p50_ms,p95_ms
3,2304.7370824095124,2683.1439783420756
5,2241.854252521096,2613.313354239763
7,2229.032575154897,2574.6574024261463
10,2226.460437215588,2568.018663588716
15,2237.348497780743,2569.6653368014386
20,2224.0049732652387,2560.1779319011102
30,2238.478023268091,2583.4767731626466
