tolerance_pct,true_positive_rate,false_positive_rate,true_negative_rate,false_negative_rate
0.25,1.0,0.0,1.0,0.0
0.5,1.0,0.0,1.0,0.0
1,1.0,0.0,1.0,0.0
2,0.998375,0.0,1.0,0.001625
3,0.892,0.0,1.0,0.108
5,0.699,0.0,1.0,0.301
7.5,0.449875,0.0,1.0,0.550125
10,0.19275,0.0,1.0,0.80725
15,0.0,0.0,1.0,1.0
